game_id, posted_by, post_date, title, text, img, comment_count
0,Jarred.Marvin8,Fri Aug 02 2019 21:47:15 GMT-0700 (Pacific Daylight Time),"Earum odit unde nesciunt.",Et soluta natus voluptas nemo rerum. Ipsam minima dolorem non harum. Nobis aut itaque id. Ducimus voluptatem eos in ad numquam sed quo quam perferendis. Eos et nesciunt minus. Eaque repellendus in doloremque iusto cupiditate incidunt natus.,http://lorempixel.com/640/480/abstract,62103
0,Blanche0,Sat Nov 09 2019 08:35:41 GMT-0800 (Pacific Standard Time),"Iste voluptates facere cum.",Natus et rerum doloremque delectus iure doloremque facilis totam. Velit et corrupti minus est. Aut et iusto. Praesentium maxime eum qui dolorem. Voluptatem alias eum ex quas. Atque quidem vitae architecto consequatur a.,http://lorempixel.com/640/480/abstract,94043
0,Kristopher.Halvorson85,Tue Apr 30 2019 20:20:22 GMT-0700 (Pacific Daylight Time),"Dolorum aut totam similique.",Provident aut nesciunt saepe. Eum ea distinctio ut assumenda nisi. Tempore iste temporibus amet dolores ab id consectetur illum.,http://lorempixel.com/640/480/abstract,41541
0,Abby.Schinner49,Mon Jan 13 2020 07:05:17 GMT-0800 (Pacific Standard Time),"Sint possimus quaerat vero.",Aut et cum est illo eos praesentium eum. Qui commodi distinctio ex repudiandae maiores molestiae. Aut at incidunt totam sint sit aspernatur fugiat corrupti qui.,http://lorempixel.com/640/480/abstract,18725
0,Margarette1,Fri Jan 31 2020 13:01:40 GMT-0800 (Pacific Standard Time),"A mollitia asperiores corrupti.",Rerum odio et. Excepturi iure aut est maiores atque magnam rerum. Quibusdam iure sequi nobis optio. Nam laudantium quidem aspernatur eaque sunt eos. Dolores corporis iure illo aliquid et quo.,http://lorempixel.com/640/480/abstract,81257
0,Jose47,Thu Nov 07 2019 21:39:37 GMT-0800 (Pacific Standard Time),"Maiores modi dolor libero.",Commodi optio fugit velit repellendus cum quo quia laudantium sunt. Quia animi autem doloribus alias et et porro fuga. Incidunt vitae porro quasi rerum iusto. Non dolorem aut magnam velit ducimus sint.,http://lorempixel.com/640/480/abstract,22281
0,Eryn21,Mon Jan 06 2020 09:01:33 GMT-0800 (Pacific Standard Time),"Et ullam dolores accusantium.",Molestiae minus qui est voluptatum temporibus sunt nemo eveniet accusantium. Illum et consectetur eos molestiae. Natus tempora ipsam tempore repellendus qui. Inventore et cum possimus mollitia labore. Quia est est nemo ipsa repudiandae ea fugiat magnam placeat. Neque corporis rerum sunt non voluptatibus voluptas.,http://lorempixel.com/640/480/abstract,55178
1,Mateo_Bailey82,Sun Dec 29 2019 13:16:37 GMT-0800 (Pacific Standard Time),"Ad non aliquid quis.",Architecto officiis quos id nihil. Ipsum vitae aliquid quia est sint est. Est eos laborum. Odio qui aut facilis enim fuga reprehenderit ut eum voluptatem. Molestiae et vero eum officiis ducimus dolor molestiae. Id commodi id reiciendis veniam alias sit consequuntur.,http://lorempixel.com/640/480/abstract,11065
1,Adelbert9,Thu Feb 27 2020 19:34:06 GMT-0800 (Pacific Standard Time),"Quibusdam assumenda expedita sit.",Quia tenetur amet fugiat. Sed quisquam consequatur quo voluptas ex totam. Dolor dolorum ut voluptatem voluptas voluptatum odio dolores debitis. Esse consequatur aut quo quas esse aspernatur inventore itaque dicta. Et non quibusdam. Sequi odit sit sequi laudantium.,http://lorempixel.com/640/480/abstract,61993
2,Orville90,Thu Apr 04 2019 07:45:05 GMT-0700 (Pacific Daylight Time),"Ex quaerat aut doloribus.",Ut ducimus cupiditate facere dolorem non molestias ut sint. Et rerum aut aspernatur harum quia odio dolorem. Libero ut rerum ex natus officiis sed.,http://lorempixel.com/640/480/abstract,95834
2,Eugenia_Trantow,Sun Oct 27 2019 08:58:03 GMT-0700 (Pacific Daylight Time),"Necessitatibus distinctio commodi voluptas.",Dolores unde eum id et in est quam ad. A quibusdam illo et. Voluptas adipisci aut aut neque. Nam sunt iste libero itaque hic dolor ab necessitatibus aperiam. Rerum rem non voluptas doloremque. Qui mollitia nisi ipsam et.,http://lorempixel.com/640/480/abstract,42536
2,Hayley.Muller87,Fri Jun 28 2019 06:41:12 GMT-0700 (Pacific Daylight Time),"Eaque temporibus nulla odit.",Tempora asperiores est et veniam excepturi beatae quidem sunt aspernatur. Corporis vero voluptatibus fugiat ut provident molestiae quia nihil nobis. Nihil eius rerum ut placeat suscipit enim dolor. Sed eum rerum molestiae vel quod quae aut rerum.,http://lorempixel.com/640/480/abstract,4191
2,Roel_Rippin,Sun Dec 01 2019 06:07:29 GMT-0800 (Pacific Standard Time),"Neque iste tenetur necessitatibus.",Dicta aspernatur qui corporis reprehenderit possimus amet hic in est. Voluptatem ipsum quae. Quod dicta doloribus et esse atque. Vero officia modi maiores nihil odit beatae assumenda.,http://lorempixel.com/640/480/abstract,30952
2,Alberto_Boyle,Mon Jul 01 2019 17:07:02 GMT-0700 (Pacific Daylight Time),"Non nam sint quibusdam.",Qui unde dolorum eum. Amet qui placeat voluptate ut aut asperiores. Corrupti aut voluptate illum sed et dolore dignissimos ut voluptatem. Dolore distinctio quam omnis. Mollitia aliquid molestiae. Debitis quo corrupti dolore.,http://lorempixel.com/640/480/abstract,37699
2,Gennaro.Terry,Mon Sep 16 2019 01:51:49 GMT-0700 (Pacific Daylight Time),"Dicta assumenda quas nesciunt.",Natus est expedita quas nisi excepturi qui magnam ducimus saepe. Omnis cupiditate libero cumque est. Laborum dolorem autem.,http://lorempixel.com/640/480/abstract,12060
2,Magdalen39,Mon Aug 26 2019 23:45:48 GMT-0700 (Pacific Daylight Time),"Perspiciatis aut quos iste.",Esse qui cupiditate rerum error perferendis. Sed cumque consequatur voluptatem est eligendi rerum. Eius enim laboriosam iste. Harum repellat et laudantium voluptas non.,http://lorempixel.com/640/480/abstract,37300
2,Meda.Schimmel,Sun Dec 01 2019 14:39:32 GMT-0800 (Pacific Standard Time),"Neque pariatur dolores repellat.",Beatae delectus laboriosam dolores. Quae distinctio alias consectetur voluptatum minima quasi harum. Blanditiis amet animi veniam labore laudantium sed est et.,http://lorempixel.com/640/480/abstract,70321
2,Arlo.Hyatt,Wed May 08 2019 18:24:34 GMT-0700 (Pacific Daylight Time),"Ducimus porro quo quisquam.",Cupiditate est ex sed deserunt vero ea. Hic suscipit consequatur enim tempora repellendus dolores. Aut dolor odio provident dolor vitae. Cumque magnam tempora odio nulla aut dicta quaerat ipsum cum. Et quidem ad error eum. Magnam hic sit officiis.,http://lorempixel.com/640/480/abstract,44733
3,Niko_Lemke,Mon Oct 28 2019 06:01:55 GMT-0700 (Pacific Daylight Time),"Aspernatur iste voluptate labore.",Quas occaecati sed eveniet autem. Est voluptas ducimus repudiandae asperiores illum reprehenderit omnis blanditiis vitae. Aut nesciunt sequi voluptatem et exercitationem assumenda aut est sapiente. Debitis alias temporibus voluptatem id.,http://lorempixel.com/640/480/abstract,70141
4,Kareem.Funk,Fri Jan 03 2020 14:39:32 GMT-0800 (Pacific Standard Time),"Delectus et itaque laboriosam.",Eveniet ratione culpa culpa provident quibusdam consequatur dolorum. Nihil odit illum dolorum ut aliquid libero nisi doloribus qui. Ducimus natus est.,http://lorempixel.com/640/480/abstract,42429
4,Marcelo_Schimmel25,Tue Aug 13 2019 12:28:00 GMT-0700 (Pacific Daylight Time),"Est omnis praesentium est.",Iste aperiam sit consequatur blanditiis accusantium blanditiis. Aperiam consequatur sapiente facilis ut sunt. Error aliquam ut quia totam deleniti tempora. Doloremque cum aut velit. Ut qui et accusantium dolorem voluptates.,http://lorempixel.com/640/480/abstract,19889
4,Zelma_Nienow98,Wed Dec 25 2019 14:03:40 GMT-0800 (Pacific Standard Time),"Beatae tenetur qui at.",Ea velit ad eum beatae veritatis est modi voluptatem nemo. Sed enim magnam debitis ut dolor qui culpa esse quasi. Quia consequatur molestiae facilis. Iusto impedit a. Sint velit aliquam accusamus itaque quaerat esse asperiores a vero.,http://lorempixel.com/640/480/abstract,32762
4,Dorthy.Turcotte68,Tue Aug 20 2019 00:16:16 GMT-0700 (Pacific Daylight Time),"Ut eaque iusto consequatur.",Ut eum aut. In vitae quo eum quia. Nisi ipsum et autem nihil et ratione. Non tenetur ut laboriosam debitis.,http://lorempixel.com/640/480/abstract,1907
4,Pat_Hartmann57,Sun Dec 01 2019 17:21:28 GMT-0800 (Pacific Standard Time),"Delectus voluptatem aut at.",Tempore adipisci similique facilis et neque alias soluta. Temporibus voluptas voluptas ut nostrum fugit fuga. Doloremque culpa praesentium aut aut. Dolorem qui sapiente consequatur esse quae nemo non consectetur. Quia ad quia quidem fuga optio voluptatem autem quasi.,http://lorempixel.com/640/480/abstract,92160
4,Jocelyn29,Tue Jun 04 2019 11:06:44 GMT-0700 (Pacific Daylight Time),"Qui et autem harum.",Illo assumenda et maiores ratione rerum et mollitia eius. Aliquam rerum quisquam eos deserunt tempora et molestiae. Sint voluptate vel. Odio cum dolorem expedita aut. Fugit cumque corrupti quo.,http://lorempixel.com/640/480/abstract,96615
4,Marques.Mayer,Tue Nov 19 2019 12:02:18 GMT-0800 (Pacific Standard Time),"Eveniet dolorem voluptatem voluptatem.",Aut non occaecati rerum eius facere. Quisquam perferendis ipsum nihil occaecati. Vero quia expedita blanditiis placeat explicabo ipsum doloribus et.,http://lorempixel.com/640/480/abstract,73851
5,Albert39,Sat Jan 04 2020 03:25:55 GMT-0800 (Pacific Standard Time),"Iusto adipisci atque tempore.",Et fugit velit sit et voluptatibus. Maiores ea porro dignissimos officia eligendi tempora. Harum ut officiis nostrum fuga. Aspernatur est quis aperiam quae magni. Consectetur provident aliquam aliquam officia voluptatibus sed ipsa repellendus assumenda.,http://lorempixel.com/640/480/abstract,74997
5,Riley62,Tue Mar 10 2020 04:47:54 GMT-0700 (Pacific Daylight Time),"Laudantium sed fugit cumque.",Possimus velit maiores repellendus minima quasi ea architecto. Earum aut ut harum voluptas vero et ut illum laboriosam. Aut nihil repellendus ut pariatur recusandae est veritatis ex id. Sint dolor animi fugit quaerat fugit minima. Harum voluptatem officia sequi commodi eveniet.,http://lorempixel.com/640/480/abstract,27703
5,Deonte24,Wed Feb 05 2020 22:16:47 GMT-0800 (Pacific Standard Time),"Ut ullam numquam tempora.",Culpa velit et. Inventore dolore voluptatem in ipsam deleniti et. Voluptatum rerum explicabo et id possimus. Ipsum expedita sapiente qui quas non inventore cupiditate consequatur eaque.,http://lorempixel.com/640/480/abstract,41709
5,Eleonore_Von70,Fri Mar 06 2020 22:24:50 GMT-0800 (Pacific Standard Time),"Cupiditate occaecati praesentium pariatur.",Consequuntur repudiandae voluptatem veniam. Consequuntur vel commodi velit autem amet. Quis aperiam quasi consequatur blanditiis distinctio.,http://lorempixel.com/640/480/abstract,57047
5,Marlen.Ruecker60,Wed Nov 06 2019 00:09:58 GMT-0800 (Pacific Standard Time),"Quaerat quisquam est non.",Temporibus mollitia harum unde esse expedita porro et expedita sint. Est est voluptas voluptas sunt quas tempore. Doloremque iste eos qui est. Iusto minus officia dolores aut iste fugiat temporibus eligendi maxime. Assumenda et similique. Qui sed molestiae.,http://lorempixel.com/640/480/abstract,23045
5,Keenan2,Fri Nov 08 2019 16:32:33 GMT-0800 (Pacific Standard Time),"Consequatur id exercitationem cupiditate.",Sint qui aliquid. Aut facilis praesentium suscipit molestias laboriosam temporibus. Quia quisquam quis quisquam ea. Nesciunt natus rem repudiandae sapiente recusandae dolores. Quibusdam et qui delectus. Ad commodi dicta eaque id.,http://lorempixel.com/640/480/abstract,14385
5,Roma_Mayert28,Thu May 09 2019 23:24:06 GMT-0700 (Pacific Daylight Time),"Perspiciatis perferendis atque accusantium.",Beatae iste delectus autem quia occaecati ratione magni dolorem dolorum. Sit laborum earum nesciunt odit eos. In sequi necessitatibus laudantium. Temporibus neque tempore deleniti consequatur aut illo consectetur. Sunt aliquid omnis vel doloremque temporibus sit enim. Perferendis debitis nemo.,http://lorempixel.com/640/480/abstract,16737
6,Giovanni.Klocko,Sat Dec 28 2019 11:08:23 GMT-0800 (Pacific Standard Time),"Rem quae veritatis quas.",Non aut quae necessitatibus aut dolorem quia natus. At consectetur voluptatem non perspiciatis dolorum ea aspernatur. Eum et placeat. Vitae quas id sed sint magnam. Accusamus nihil aut sit velit dolore beatae aut. Qui molestiae soluta autem porro.,http://lorempixel.com/640/480/abstract,11590
7,Emilie45,Fri Sep 13 2019 14:32:53 GMT-0700 (Pacific Daylight Time),"Sit ut ullam itaque.",Rerum quidem aspernatur dolorum inventore quo nostrum. Qui animi quasi et occaecati fugiat. Et vitae totam. Perferendis esse sapiente. Velit non consequatur velit ratione vitae tempore corrupti molestias.,http://lorempixel.com/640/480/abstract,17951
7,Rickie_Lockman,Tue Apr 16 2019 19:57:24 GMT-0700 (Pacific Daylight Time),"Quae placeat rem adipisci.",Voluptates repellendus perspiciatis facere labore nihil nam eum ducimus facilis. Et quae est quia velit aliquam voluptate harum. Eligendi eius non. Hic a inventore eaque ea eum odio.,http://lorempixel.com/640/480/abstract,61426
7,Jammie.Harber,Fri Jul 05 2019 09:26:40 GMT-0700 (Pacific Daylight Time),"Minima aspernatur occaecati molestiae.",Distinctio velit corrupti. Dolore expedita aut odio. Quo voluptatem non ut.,http://lorempixel.com/640/480/abstract,88295
7,Keeley_Schroeder,Sun Apr 21 2019 07:23:28 GMT-0700 (Pacific Daylight Time),"Non velit qui repellat.",Neque autem reiciendis sed libero nihil rerum. Voluptas expedita sint quae id ex qui omnis praesentium. Non animi aut nostrum quia blanditiis iste. Accusamus praesentium a recusandae fugit at veritatis. Deleniti odio aut aliquam.,http://lorempixel.com/640/480/abstract,83607
7,Donald93,Mon Dec 30 2019 18:13:37 GMT-0800 (Pacific Standard Time),"Aut et odit et.",Facere minus eum id reprehenderit quia aut. Blanditiis ea atque sed quod ipsam. Impedit quas ipsum id sunt. Hic distinctio rerum et saepe aut.,http://lorempixel.com/640/480/abstract,10252
7,Modesto.Bergnaum,Sat Nov 02 2019 05:44:04 GMT-0700 (Pacific Daylight Time),"Quis quasi possimus repellendus.",Quae rerum et illo et. Voluptate aut iure. Beatae nihil eveniet voluptas et. Optio distinctio et est harum est qui.,http://lorempixel.com/640/480/abstract,83872
7,Vicky.Murray97,Sat Nov 02 2019 01:24:11 GMT-0700 (Pacific Daylight Time),"Quis voluptatum vero perspiciatis.",Accusamus reprehenderit qui quia molestiae nisi aliquid similique ipsum ab. Quia cum officia quas natus quod hic neque. Et perferendis quibusdam libero quo cum consectetur sit. Quasi magni aut aut illo quidem. Error quia quam corporis aut et neque.,http://lorempixel.com/640/480/abstract,12522
7,Monty.McKenzie,Tue Aug 27 2019 13:31:36 GMT-0700 (Pacific Daylight Time),"Ab eum perspiciatis nesciunt.",Commodi at aut neque laborum id doloribus. Blanditiis et distinctio. Ipsa repellat qui. Cupiditate accusantium delectus et temporibus perspiciatis temporibus vitae. Enim distinctio aut velit et.,http://lorempixel.com/640/480/abstract,72236
7,Skye47,Mon Jan 20 2020 21:16:47 GMT-0800 (Pacific Standard Time),"Quam quae distinctio est.",Dolorum quidem autem itaque veniam voluptatem rerum. Voluptates et natus ea nam est totam. Sed fugit repellendus et reiciendis eaque. Sint dolore vel alias asperiores ut aut molestiae.,http://lorempixel.com/640/480/abstract,35218
9,Kay_Cronin,Sun Dec 15 2019 12:18:20 GMT-0800 (Pacific Standard Time),"Commodi quae inventore doloremque.",Voluptatibus ipsum quia aliquam odio numquam tempore. Voluptatum aut reprehenderit perferendis deleniti sit omnis accusantium perspiciatis autem. In amet natus tempora neque. Consequuntur tempora ut ipsa explicabo ipsam officiis.,http://lorempixel.com/640/480/abstract,35445
9,Melody29,Fri Aug 09 2019 16:28:13 GMT-0700 (Pacific Daylight Time),"Quaerat ab est sed.",Nihil dolore iure eligendi eaque libero cumque vel. Consequatur atque molestiae ipsa aut doloribus sed possimus consequatur aut. Maxime qui ipsum ea doloribus laudantium. Esse corrupti maxime voluptates voluptas. Voluptas officiis necessitatibus tempore. Qui quia eius impedit nam autem deleniti.,http://lorempixel.com/640/480/abstract,14871
9,Gudrun.Walter61,Tue Mar 31 2020 04:12:05 GMT-0700 (Pacific Daylight Time),"Officia sed et eos.",Quo non sed quaerat perspiciatis et labore qui quod quo. Culpa voluptatem ad magnam fugit harum voluptate non. Beatae deleniti voluptas eveniet.,http://lorempixel.com/640/480/abstract,78657
9,Felicity54,Wed Aug 07 2019 18:15:25 GMT-0700 (Pacific Daylight Time),"Possimus voluptate consequatur blanditiis.",Ut perspiciatis in sed est nihil ex quisquam repudiandae. Nam eos temporibus aut explicabo. Eos et atque reprehenderit voluptatem quasi vel. Exercitationem et aliquam adipisci. Est consectetur maxime rem. Aliquid repudiandae unde ea quos.,http://lorempixel.com/640/480/abstract,52925
